/home/cyrill/DNNs/Linguistics/sarcasm/mmsd_raw_data/utterances_final/1_5058.wav,1_5058,True

/home/cyrill/DNNs/Linguistics/sarcasm/mmsd_raw_data/utterances_final/1_4576.wav,1_4576,False

/home/cyrill/DNNs/Linguistics/sarcasm/mmsd_raw_data/utterances_final/2_487.wav,2_487,True

/home/cyrill/DNNs/Linguistics/sarcasm/mmsd_raw_data/utterances_final/2_472.wav,2_472,False

/home/cyrill/DNNs/Linguistics/sarcasm/mmsd_raw_data/utterances_final/1_7722.wav,1_7722,True

/home/cyrill/DNNs/Linguistics/sarcasm/mmsd_raw_data/utterances_final/1_7186.wav,1_7186,False

/home/cyrill/DNNs/Linguistics/sarcasm/mmsd_raw_data/utterances_final/2_268.wav,2_268,False

/home/cyrill/DNNs/Linguistics/sarcasm/mmsd_raw_data/utterances_final/2_131.wav,2_131,False

/home/cyrill/DNNs/Linguistics/sarcasm/mmsd_raw_data/utterances_final/1_8136.wav,1_8136,True

/home/cyrill/DNNs/Linguistics/sarcasm/mmsd_raw_data/utterances_final/1_467.wav,1_467,False

/home/cyrill/DNNs/Linguistics/sarcasm/mmsd_raw_data/utterances_final/2_595.wav,2_595,False

/home/cyrill/DNNs/Linguistics/sarcasm/mmsd_raw_data/utterances_final/2_121.wav,2_121,True

/home/cyrill/DNNs/Linguistics/sarcasm/mmsd_raw_data/utterances_final/2_485.wav,2_485,True

/home/cyrill/DNNs/Linguistics/sarcasm/mmsd_raw_data/utterances_final/1_1803.wav,1_1803,True

/home/cyrill/DNNs/Linguistics/sarcasm/mmsd_raw_data/utterances_final/1_4789.wav,1_4789,True

/home/cyrill/DNNs/Linguistics/sarcasm/mmsd_raw_data/utterances_final/2_559.wav,2_559,False

/home/cyrill/DNNs/Linguistics/sarcasm/mmsd_raw_data/utterances_final/2_607.wav,2_607,False

/home/cyrill/DNNs/Linguistics/sarcasm/mmsd_raw_data/utterances_final/2_358.wav,2_358,False

/home/cyrill/DNNs/Linguistics/sarcasm/mmsd_raw_data/utterances_final/2_66.wav,2_66,True

/home/cyrill/DNNs/Linguistics/sarcasm/mmsd_raw_data/utterances_final/1_3125.wav,1_3125,True

/home/cyrill/DNNs/Linguistics/sarcasm/mmsd_raw_data/utterances_final/1_6860.wav,1_6860,False

/home/cyrill/DNNs/Linguistics/sarcasm/mmsd_raw_data/utterances_final/2_602.wav,2_602,False

/home/cyrill/DNNs/Linguistics/sarcasm/mmsd_raw_data/utterances_final/2_193.wav,2_193,False

/home/cyrill/DNNs/Linguistics/sarcasm/mmsd_raw_data/utterances_final/2_622.wav,2_622,True

/home/cyrill/DNNs/Linguistics/sarcasm/mmsd_raw_data/utterances_final/1_6648.wav,1_6648,True

/home/cyrill/DNNs/Linguistics/sarcasm/mmsd_raw_data/utterances_final/1_1144.wav,1_1144,True

/home/cyrill/DNNs/Linguistics/sarcasm/mmsd_raw_data/utterances_final/1_9003.wav,1_9003,False

/home/cyrill/DNNs/Linguistics/sarcasm/mmsd_raw_data/utterances_final/2_177.wav,2_177,True

/home/cyrill/DNNs/Linguistics/sarcasm/mmsd_raw_data/utterances_final/1_5156.wav,1_5156,True

/home/cyrill/DNNs/Linguistics/sarcasm/mmsd_raw_data/utterances_final/1_1466.wav,1_1466,True

/home/cyrill/DNNs/Linguistics/sarcasm/mmsd_raw_data/utterances_final/2_120.wav,2_120,True

/home/cyrill/DNNs/Linguistics/sarcasm/mmsd_raw_data/utterances_final/2_446.wav,2_446,False

/home/cyrill/DNNs/Linguistics/sarcasm/mmsd_raw_data/utterances_final/2_230.wav,2_230,False

/home/cyrill/DNNs/Linguistics/sarcasm/mmsd_raw_data/utterances_final/1_8407.wav,1_8407,True

/home/cyrill/DNNs/Linguistics/sarcasm/mmsd_raw_data/utterances_final/2_217.wav,2_217,False

/home/cyrill/DNNs/Linguistics/sarcasm/mmsd_raw_data/utterances_final/2_500.wav,2_500,True

/home/cyrill/DNNs/Linguistics/sarcasm/mmsd_raw_data/utterances_final/2_225.wav,2_225,False

/home/cyrill/DNNs/Linguistics/sarcasm/mmsd_raw_data/utterances_final/1_10496.wav,1_10496,True

/home/cyrill/DNNs/Linguistics/sarcasm/mmsd_raw_data/utterances_final/2_416.wav,2_416,True

/home/cyrill/DNNs/Linguistics/sarcasm/mmsd_raw_data/utterances_final/2_479.wav,2_479,True

/home/cyrill/DNNs/Linguistics/sarcasm/mmsd_raw_data/utterances_final/1_11232.wav,1_11232,True

/home/cyrill/DNNs/Linguistics/sarcasm/mmsd_raw_data/utterances_final/1_10495.wav,1_10495,True

/home/cyrill/DNNs/Linguistics/sarcasm/mmsd_raw_data/utterances_final/1_7341.wav,1_7341,False

/home/cyrill/DNNs/Linguistics/sarcasm/mmsd_raw_data/utterances_final/1_11257.wav,1_11257,False

/home/cyrill/DNNs/Linguistics/sarcasm/mmsd_raw_data/utterances_final/1_3259.wav,1_3259,True

/home/cyrill/DNNs/Linguistics/sarcasm/mmsd_raw_data/utterances_final/2_305.wav,2_305,False

/home/cyrill/DNNs/Linguistics/sarcasm/mmsd_raw_data/utterances_final/2_365.wav,2_365,False

/home/cyrill/DNNs/Linguistics/sarcasm/mmsd_raw_data/utterances_final/2_180.wav,2_180,False

/home/cyrill/DNNs/Linguistics/sarcasm/mmsd_raw_data/utterances_final/2_564.wav,2_564,False

/home/cyrill/DNNs/Linguistics/sarcasm/mmsd_raw_data/utterances_final/2_253.wav,2_253,False

/home/cyrill/DNNs/Linguistics/sarcasm/mmsd_raw_data/utterances_final/2_319.wav,2_319,False

/home/cyrill/DNNs/Linguistics/sarcasm/mmsd_raw_data/utterances_final/2_410.wav,2_410,True

/home/cyrill/DNNs/Linguistics/sarcasm/mmsd_raw_data/utterances_final/1_5964.wav,1_5964,True

/home/cyrill/DNNs/Linguistics/sarcasm/mmsd_raw_data/utterances_final/2_99.wav,2_99,False

/home/cyrill/DNNs/Linguistics/sarcasm/mmsd_raw_data/utterances_final/2_148.wav,2_148,True

/home/cyrill/DNNs/Linguistics/sarcasm/mmsd_raw_data/utterances_final/2_288.wav,2_288,True

/home/cyrill/DNNs/Linguistics/sarcasm/mmsd_raw_data/utterances_final/2_45.wav,2_45,True

/home/cyrill/DNNs/Linguistics/sarcasm/mmsd_raw_data/utterances_final/1_60.wav,1_60,True

/home/cyrill/DNNs/Linguistics/sarcasm/mmsd_raw_data/utterances_final/2_210.wav,2_210,False

/home/cyrill/DNNs/Linguistics/sarcasm/mmsd_raw_data/utterances_final/1_7953.wav,1_7953,True

/home/cyrill/DNNs/Linguistics/sarcasm/mmsd_raw_data/utterances_final/1_11736.wav,1_11736,False

/home/cyrill/DNNs/Linguistics/sarcasm/mmsd_raw_data/utterances_final/2_27.wav,2_27,False

/home/cyrill/DNNs/Linguistics/sarcasm/mmsd_raw_data/utterances_final/2_89.wav,2_89,True

/home/cyrill/DNNs/Linguistics/sarcasm/mmsd_raw_data/utterances_final/1_3348.wav,1_3348,False

/home/cyrill/DNNs/Linguistics/sarcasm/mmsd_raw_data/utterances_final/1_10004.wav,1_10004,False

/home/cyrill/DNNs/Linguistics/sarcasm/mmsd_raw_data/utterances_final/1_4031.wav,1_4031,True

/home/cyrill/DNNs/Linguistics/sarcasm/mmsd_raw_data/utterances_final/2_481.wav,2_481,False

/home/cyrill/DNNs/Linguistics/sarcasm/mmsd_raw_data/utterances_final/2_572.wav,2_572,False

/home/cyrill/DNNs/Linguistics/sarcasm/mmsd_raw_data/utterances_final/2_300.wav,2_300,False

/home/cyrill/DNNs/Linguistics/sarcasm/mmsd_raw_data/utterances_final/2_204.wav,2_204,True

/home/cyrill/DNNs/Linguistics/sarcasm/mmsd_raw_data/utterances_final/1_11177.wav,1_11177,True

/home/cyrill/DNNs/Linguistics/sarcasm/mmsd_raw_data/utterances_final/2_462.wav,2_462,True

/home/cyrill/DNNs/Linguistics/sarcasm/mmsd_raw_data/utterances_final/2_435.wav,2_435,False

/home/cyrill/DNNs/Linguistics/sarcasm/mmsd_raw_data/utterances_final/2_227.wav,2_227,True

/home/cyrill/DNNs/Linguistics/sarcasm/mmsd_raw_data/utterances_final/2_135.wav,2_135,True

/home/cyrill/DNNs/Linguistics/sarcasm/mmsd_raw_data/utterances_final/2_569.wav,2_569,False

/home/cyrill/DNNs/Linguistics/sarcasm/mmsd_raw_data/utterances_final/1_5617.wav,1_5617,True

/home/cyrill/DNNs/Linguistics/sarcasm/mmsd_raw_data/utterances_final/2_425.wav,2_425,False

/home/cyrill/DNNs/Linguistics/sarcasm/mmsd_raw_data/utterances_final/2_209.wav,2_209,True

/home/cyrill/DNNs/Linguistics/sarcasm/mmsd_raw_data/utterances_final/1_6769.wav,1_6769,True

/home/cyrill/DNNs/Linguistics/sarcasm/mmsd_raw_data/utterances_final/1_7449.wav,1_7449,False

/home/cyrill/DNNs/Linguistics/sarcasm/mmsd_raw_data/utterances_final/2_154.wav,2_154,False

/home/cyrill/DNNs/Linguistics/sarcasm/mmsd_raw_data/utterances_final/1_8452.wav,1_8452,True

/home/cyrill/DNNs/Linguistics/sarcasm/mmsd_raw_data/utterances_final/2_352.wav,2_352,True

/home/cyrill/DNNs/Linguistics/sarcasm/mmsd_raw_data/utterances_final/1_4743.wav,1_4743,True

/home/cyrill/DNNs/Linguistics/sarcasm/mmsd_raw_data/utterances_final/1_7082.wav,1_7082,False

/home/cyrill/DNNs/Linguistics/sarcasm/mmsd_raw_data/utterances_final/2_71.wav,2_71,True

/home/cyrill/DNNs/Linguistics/sarcasm/mmsd_raw_data/utterances_final/2_598.wav,2_598,True

/home/cyrill/DNNs/Linguistics/sarcasm/mmsd_raw_data/utterances_final/2_203.wav,2_203,False

/home/cyrill/DNNs/Linguistics/sarcasm/mmsd_raw_data/utterances_final/2_127.wav,2_127,False

/home/cyrill/DNNs/Linguistics/sarcasm/mmsd_raw_data/utterances_final/2_439.wav,2_439,False

/home/cyrill/DNNs/Linguistics/sarcasm/mmsd_raw_data/utterances_final/1_11913.wav,1_11913,True

/home/cyrill/DNNs/Linguistics/sarcasm/mmsd_raw_data/utterances_final/2_426.wav,2_426,False

/home/cyrill/DNNs/Linguistics/sarcasm/mmsd_raw_data/utterances_final/1_11773.wav,1_11773,True

/home/cyrill/DNNs/Linguistics/sarcasm/mmsd_raw_data/utterances_final/2_415.wav,2_415,False

/home/cyrill/DNNs/Linguistics/sarcasm/mmsd_raw_data/utterances_final/1_3599.wav,1_3599,False

/home/cyrill/DNNs/Linguistics/sarcasm/mmsd_raw_data/utterances_final/1_9972.wav,1_9972,True

/home/cyrill/DNNs/Linguistics/sarcasm/mmsd_raw_data/utterances_final/1_3837.wav,1_3837,False

/home/cyrill/DNNs/Linguistics/sarcasm/mmsd_raw_data/utterances_final/1_11924.wav,1_11924,True

/home/cyrill/DNNs/Linguistics/sarcasm/mmsd_raw_data/utterances_final/2_189.wav,2_189,True

/home/cyrill/DNNs/Linguistics/sarcasm/mmsd_raw_data/utterances_final/2_465.wav,2_465,True

/home/cyrill/DNNs/Linguistics/sarcasm/mmsd_raw_data/utterances_final/1_5166.wav,1_5166,True

/home/cyrill/DNNs/Linguistics/sarcasm/mmsd_raw_data/utterances_final/1_3766.wav,1_3766,True

/home/cyrill/DNNs/Linguistics/sarcasm/mmsd_raw_data/utterances_final/1_7402.wav,1_7402,True

/home/cyrill/DNNs/Linguistics/sarcasm/mmsd_raw_data/utterances_final/1_175.wav,1_175,True

/home/cyrill/DNNs/Linguistics/sarcasm/mmsd_raw_data/utterances_final/1_6032.wav,1_6032,True

/home/cyrill/DNNs/Linguistics/sarcasm/mmsd_raw_data/utterances_final/2_251.wav,2_251,False

/home/cyrill/DNNs/Linguistics/sarcasm/mmsd_raw_data/utterances_final/2_338.wav,2_338,True

/home/cyrill/DNNs/Linguistics/sarcasm/mmsd_raw_data/utterances_final/1_9594.wav,1_9594,False

/home/cyrill/DNNs/Linguistics/sarcasm/mmsd_raw_data/utterances_final/2_406.wav,2_406,True

/home/cyrill/DNNs/Linguistics/sarcasm/mmsd_raw_data/utterances_final/1_6766.wav,1_6766,False

/home/cyrill/DNNs/Linguistics/sarcasm/mmsd_raw_data/utterances_final/1_340.wav,1_340,True

/home/cyrill/DNNs/Linguistics/sarcasm/mmsd_raw_data/utterances_final/1_2778.wav,1_2778,True

/home/cyrill/DNNs/Linguistics/sarcasm/mmsd_raw_data/utterances_final/2_42.wav,2_42,False

/home/cyrill/DNNs/Linguistics/sarcasm/mmsd_raw_data/utterances_final/1_5580.wav,1_5580,True

/home/cyrill/DNNs/Linguistics/sarcasm/mmsd_raw_data/utterances_final/2_409.wav,2_409,False

/home/cyrill/DNNs/Linguistics/sarcasm/mmsd_raw_data/utterances_final/2_581.wav,2_581,True

/home/cyrill/DNNs/Linguistics/sarcasm/mmsd_raw_data/utterances_final/2_8.wav,2_8,False

/home/cyrill/DNNs/Linguistics/sarcasm/mmsd_raw_data/utterances_final/1_3419.wav,1_3419,True

/home/cyrill/DNNs/Linguistics/sarcasm/mmsd_raw_data/utterances_final/2_387.wav,2_387,False

/home/cyrill/DNNs/Linguistics/sarcasm/mmsd_raw_data/utterances_final/1_6426.wav,1_6426,True

/home/cyrill/DNNs/Linguistics/sarcasm/mmsd_raw_data/utterances_final/2_457.wav,2_457,True

/home/cyrill/DNNs/Linguistics/sarcasm/mmsd_raw_data/utterances_final/1_11889.wav,1_11889,False

/home/cyrill/DNNs/Linguistics/sarcasm/mmsd_raw_data/utterances_final/1_3371.wav,1_3371,False

/home/cyrill/DNNs/Linguistics/sarcasm/mmsd_raw_data/utterances_final/1_2354.wav,1_2354,True

/home/cyrill/DNNs/Linguistics/sarcasm/mmsd_raw_data/utterances_final/2_428.wav,2_428,False

/home/cyrill/DNNs/Linguistics/sarcasm/mmsd_raw_data/utterances_final/1_1722.wav,1_1722,False

/home/cyrill/DNNs/Linguistics/sarcasm/mmsd_raw_data/utterances_final/2_152.wav,2_152,True

/home/cyrill/DNNs/Linguistics/sarcasm/mmsd_raw_data/utterances_final/1_7047.wav,1_7047,True

/home/cyrill/DNNs/Linguistics/sarcasm/mmsd_raw_data/utterances_final/2_234.wav,2_234,False

/home/cyrill/DNNs/Linguistics/sarcasm/mmsd_raw_data/utterances_final/2_553.wav,2_553,False

/home/cyrill/DNNs/Linguistics/sarcasm/mmsd_raw_data/utterances_final/2_306.wav,2_306,True

/home/cyrill/DNNs/Linguistics/sarcasm/mmsd_raw_data/utterances_final/1_6355.wav,1_6355,True

/home/cyrill/DNNs/Linguistics/sarcasm/mmsd_raw_data/utterances_final/2_12.wav,2_12,False

/home/cyrill/DNNs/Linguistics/sarcasm/mmsd_raw_data/utterances_final/2_343.wav,2_343,False

/home/cyrill/DNNs/Linguistics/sarcasm/mmsd_raw_data/utterances_final/2_405.wav,2_405,False

/home/cyrill/DNNs/Linguistics/sarcasm/mmsd_raw_data/utterances_final/2_604.wav,2_604,True

/home/cyrill/DNNs/Linguistics/sarcasm/mmsd_raw_data/utterances_final/2_226.wav,2_226,True

/home/cyrill/DNNs/Linguistics/sarcasm/mmsd_raw_data/utterances_final/2_505.wav,2_505,True

/home/cyrill/DNNs/Linguistics/sarcasm/mmsd_raw_data/utterances_final/2_126.wav,2_126,True

/home/cyrill/DNNs/Linguistics/sarcasm/mmsd_raw_data/utterances_final/2_97.wav,2_97,True

/home/cyrill/DNNs/Linguistics/sarcasm/mmsd_raw_data/utterances_final/2_573.wav,2_573,True

/home/cyrill/DNNs/Linguistics/sarcasm/mmsd_raw_data/utterances_final/1_2792.wav,1_2792,False

/home/cyrill/DNNs/Linguistics/sarcasm/mmsd_raw_data/utterances_final/2_123.wav,2_123,True

/home/cyrill/DNNs/Linguistics/sarcasm/mmsd_raw_data/utterances_final/1_12320.wav,1_12320,False

/home/cyrill/DNNs/Linguistics/sarcasm/mmsd_raw_data/utterances_final/2_302.wav,2_302,False

/home/cyrill/DNNs/Linguistics/sarcasm/mmsd_raw_data/utterances_final/2_247.wav,2_247,True

/home/cyrill/DNNs/Linguistics/sarcasm/mmsd_raw_data/utterances_final/2_547.wav,2_547,False

/home/cyrill/DNNs/Linguistics/sarcasm/mmsd_raw_data/utterances_final/2_158.wav,2_158,True

/home/cyrill/DNNs/Linguistics/sarcasm/mmsd_raw_data/utterances_final/2_65.wav,2_65,False

/home/cyrill/DNNs/Linguistics/sarcasm/mmsd_raw_data/utterances_final/2_507.wav,2_507,True

/home/cyrill/DNNs/Linguistics/sarcasm/mmsd_raw_data/utterances_final/1_3649.wav,1_3649,False

/home/cyrill/DNNs/Linguistics/sarcasm/mmsd_raw_data/utterances_final/2_125.wav,2_125,False

/home/cyrill/DNNs/Linguistics/sarcasm/mmsd_raw_data/utterances_final/2_24.wav,2_24,True

/home/cyrill/DNNs/Linguistics/sarcasm/mmsd_raw_data/utterances_final/2_488.wav,2_488,False

/home/cyrill/DNNs/Linguistics/sarcasm/mmsd_raw_data/utterances_final/2_44.wav,2_44,False

/home/cyrill/DNNs/Linguistics/sarcasm/mmsd_raw_data/utterances_final/1_3707.wav,1_3707,True

/home/cyrill/DNNs/Linguistics/sarcasm/mmsd_raw_data/utterances_final/2_377.wav,2_377,True

/home/cyrill/DNNs/Linguistics/sarcasm/mmsd_raw_data/utterances_final/2_171.wav,2_171,False

/home/cyrill/DNNs/Linguistics/sarcasm/mmsd_raw_data/utterances_final/1_5496.wav,1_5496,True

/home/cyrill/DNNs/Linguistics/sarcasm/mmsd_raw_data/utterances_final/2_590.wav,2_590,False

/home/cyrill/DNNs/Linguistics/sarcasm/mmsd_raw_data/utterances_final/1_2216.wav,1_2216,False

/home/cyrill/DNNs/Linguistics/sarcasm/mmsd_raw_data/utterances_final/2_508.wav,2_508,True

/home/cyrill/DNNs/Linguistics/sarcasm/mmsd_raw_data/utterances_final/2_15.wav,2_15,True

/home/cyrill/DNNs/Linguistics/sarcasm/mmsd_raw_data/utterances_final/1_10748.wav,1_10748,True

/home/cyrill/DNNs/Linguistics/sarcasm/mmsd_raw_data/utterances_final/2_562.wav,2_562,False

/home/cyrill/DNNs/Linguistics/sarcasm/mmsd_raw_data/utterances_final/2_323.wav,2_323,True

/home/cyrill/DNNs/Linguistics/sarcasm/mmsd_raw_data/utterances_final/1_3476.wav,1_3476,False

/home/cyrill/DNNs/Linguistics/sarcasm/mmsd_raw_data/utterances_final/2_489.wav,2_489,True

/home/cyrill/DNNs/Linguistics/sarcasm/mmsd_raw_data/utterances_final/2_493.wav,2_493,True

/home/cyrill/DNNs/Linguistics/sarcasm/mmsd_raw_data/utterances_final/2_413.wav,2_413,False

/home/cyrill/DNNs/Linguistics/sarcasm/mmsd_raw_data/utterances_final/1_11243.wav,1_11243,True

/home/cyrill/DNNs/Linguistics/sarcasm/mmsd_raw_data/utterances_final/2_437.wav,2_437,False

/home/cyrill/DNNs/Linguistics/sarcasm/mmsd_raw_data/utterances_final/1_6183.wav,1_6183,False

/home/cyrill/DNNs/Linguistics/sarcasm/mmsd_raw_data/utterances_final/2_91.wav,2_91,False

/home/cyrill/DNNs/Linguistics/sarcasm/mmsd_raw_data/utterances_final/1_1638.wav,1_1638,True

/home/cyrill/DNNs/Linguistics/sarcasm/mmsd_raw_data/utterances_final/2_356.wav,2_356,False

/home/cyrill/DNNs/Linguistics/sarcasm/mmsd_raw_data/utterances_final/1_1484.wav,1_1484,False

/home/cyrill/DNNs/Linguistics/sarcasm/mmsd_raw_data/utterances_final/2_369.wav,2_369,True

/home/cyrill/DNNs/Linguistics/sarcasm/mmsd_raw_data/utterances_final/2_549.wav,2_549,False

/home/cyrill/DNNs/Linguistics/sarcasm/mmsd_raw_data/utterances_final/2_586.wav,2_586,True

/home/cyrill/DNNs/Linguistics/sarcasm/mmsd_raw_data/utterances_final/2_186.wav,2_186,True

/home/cyrill/DNNs/Linguistics/sarcasm/mmsd_raw_data/utterances_final/1_3911.wav,1_3911,False

/home/cyrill/DNNs/Linguistics/sarcasm/mmsd_raw_data/utterances_final/2_173.wav,2_173,False

/home/cyrill/DNNs/Linguistics/sarcasm/mmsd_raw_data/utterances_final/1_1003.wav,1_1003,True

/home/cyrill/DNNs/Linguistics/sarcasm/mmsd_raw_data/utterances_final/2_450.wav,2_450,True

/home/cyrill/DNNs/Linguistics/sarcasm/mmsd_raw_data/utterances_final/2_284.wav,2_284,False

/home/cyrill/DNNs/Linguistics/sarcasm/mmsd_raw_data/utterances_final/1_7494.wav,1_7494,False

/home/cyrill/DNNs/Linguistics/sarcasm/mmsd_raw_data/utterances_final/2_84.wav,2_84,True

/home/cyrill/DNNs/Linguistics/sarcasm/mmsd_raw_data/utterances_final/2_609.wav,2_609,False

/home/cyrill/DNNs/Linguistics/sarcasm/mmsd_raw_data/utterances_final/2_223.wav,2_223,True

/home/cyrill/DNNs/Linguistics/sarcasm/mmsd_raw_data/utterances_final/1_6370.wav,1_6370,True

/home/cyrill/DNNs/Linguistics/sarcasm/mmsd_raw_data/utterances_final/2_295.wav,2_295,False

/home/cyrill/DNNs/Linguistics/sarcasm/mmsd_raw_data/utterances_final/1_11699.wav,1_11699,True

/home/cyrill/DNNs/Linguistics/sarcasm/mmsd_raw_data/utterances_final/2_626.wav,2_626,False

/home/cyrill/DNNs/Linguistics/sarcasm/mmsd_raw_data/utterances_final/2_430.wav,2_430,True

/home/cyrill/DNNs/Linguistics/sarcasm/mmsd_raw_data/utterances_final/1_9993.wav,1_9993,True

/home/cyrill/DNNs/Linguistics/sarcasm/mmsd_raw_data/utterances_final/2_530.wav,2_530,False

/home/cyrill/DNNs/Linguistics/sarcasm/mmsd_raw_data/utterances_final/1_1560.wav,1_1560,True

/home/cyrill/DNNs/Linguistics/sarcasm/mmsd_raw_data/utterances_final/1_410.wav,1_410,False

/home/cyrill/DNNs/Linguistics/sarcasm/mmsd_raw_data/utterances_final/2_312.wav,2_312,True

/home/cyrill/DNNs/Linguistics/sarcasm/mmsd_raw_data/utterances_final/2_448.wav,2_448,False

/home/cyrill/DNNs/Linguistics/sarcasm/mmsd_raw_data/utterances_final/1_7357.wav,1_7357,True

/home/cyrill/DNNs/Linguistics/sarcasm/mmsd_raw_data/utterances_final/2_574.wav,2_574,False

/home/cyrill/DNNs/Linguistics/sarcasm/mmsd_raw_data/utterances_final/2_242.wav,2_242,True

/home/cyrill/DNNs/Linguistics/sarcasm/mmsd_raw_data/utterances_final/1_12083.wav,1_12083,False

/home/cyrill/DNNs/Linguistics/sarcasm/mmsd_raw_data/utterances_final/2_168.wav,2_168,True

/home/cyrill/DNNs/Linguistics/sarcasm/mmsd_raw_data/utterances_final/2_552.wav,2_552,False

/home/cyrill/DNNs/Linguistics/sarcasm/mmsd_raw_data/utterances_final/1_5679.wav,1_5679,True

/home/cyrill/DNNs/Linguistics/sarcasm/mmsd_raw_data/utterances_final/2_35.wav,2_35,False

/home/cyrill/DNNs/Linguistics/sarcasm/mmsd_raw_data/utterances_final/2_393.wav,2_393,False

/home/cyrill/DNNs/Linguistics/sarcasm/mmsd_raw_data/utterances_final/2_596.wav,2_596,True

/home/cyrill/DNNs/Linguistics/sarcasm/mmsd_raw_data/utterances_final/1_5572.wav,1_5572,True

/home/cyrill/DNNs/Linguistics/sarcasm/mmsd_raw_data/utterances_final/2_289.wav,2_289,True

/home/cyrill/DNNs/Linguistics/sarcasm/mmsd_raw_data/utterances_final/2_504.wav,2_504,True

/home/cyrill/DNNs/Linguistics/sarcasm/mmsd_raw_data/utterances_final/2_445.wav,2_445,False

/home/cyrill/DNNs/Linguistics/sarcasm/mmsd_raw_data/utterances_final/2_221.wav,2_221,False

/home/cyrill/DNNs/Linguistics/sarcasm/mmsd_raw_data/utterances_final/1_6504.wav,1_6504,True

/home/cyrill/DNNs/Linguistics/sarcasm/mmsd_raw_data/utterances_final/2_494.wav,2_494,True

/home/cyrill/DNNs/Linguistics/sarcasm/mmsd_raw_data/utterances_final/2_434.wav,2_434,True

/home/cyrill/DNNs/Linguistics/sarcasm/mmsd_raw_data/utterances_final/1_5134.wav,1_5134,True

/home/cyrill/DNNs/Linguistics/sarcasm/mmsd_raw_data/utterances_final/1_7281.wav,1_7281,True

/home/cyrill/DNNs/Linguistics/sarcasm/mmsd_raw_data/utterances_final/2_612.wav,2_612,True

/home/cyrill/DNNs/Linguistics/sarcasm/mmsd_raw_data/utterances_final/2_49.wav,2_49,False

/home/cyrill/DNNs/Linguistics/sarcasm/mmsd_raw_data/utterances_final/1_8837.wav,1_8837,False

/home/cyrill/DNNs/Linguistics/sarcasm/mmsd_raw_data/utterances_final/2_419.wav,2_419,False

/home/cyrill/DNNs/Linguistics/sarcasm/mmsd_raw_data/utterances_final/1_11485.wav,1_11485,False

/home/cyrill/DNNs/Linguistics/sarcasm/mmsd_raw_data/utterances_final/2_55.wav,2_55,False

/home/cyrill/DNNs/Linguistics/sarcasm/mmsd_raw_data/utterances_final/1_1973.wav,1_1973,True

/home/cyrill/DNNs/Linguistics/sarcasm/mmsd_raw_data/utterances_final/2_535.wav,2_535,False

/home/cyrill/DNNs/Linguistics/sarcasm/mmsd_raw_data/utterances_final/2_491.wav,2_491,True

/home/cyrill/DNNs/Linguistics/sarcasm/mmsd_raw_data/utterances_final/2_206.wav,2_206,True

/home/cyrill/DNNs/Linguistics/sarcasm/mmsd_raw_data/utterances_final/2_314.wav,2_314,False

/home/cyrill/DNNs/Linguistics/sarcasm/mmsd_raw_data/utterances_final/2_56.wav,2_56,False

/home/cyrill/DNNs/Linguistics/sarcasm/mmsd_raw_data/utterances_final/2_208.wav,2_208,False

/home/cyrill/DNNs/Linguistics/sarcasm/mmsd_raw_data/utterances_final/1_12331.wav,1_12331,False

/home/cyrill/DNNs/Linguistics/sarcasm/mmsd_raw_data/utterances_final/2_514.wav,2_514,False

/home/cyrill/DNNs/Linguistics/sarcasm/mmsd_raw_data/utterances_final/2_172.wav,2_172,True

/home/cyrill/DNNs/Linguistics/sarcasm/mmsd_raw_data/utterances_final/1_11224.wav,1_11224,True

/home/cyrill/DNNs/Linguistics/sarcasm/mmsd_raw_data/utterances_final/2_577.wav,2_577,False

/home/cyrill/DNNs/Linguistics/sarcasm/mmsd_raw_data/utterances_final/2_444.wav,2_444,False

/home/cyrill/DNNs/Linguistics/sarcasm/mmsd_raw_data/utterances_final/2_498.wav,2_498,True

/home/cyrill/DNNs/Linguistics/sarcasm/mmsd_raw_data/utterances_final/2_13.wav,2_13,False

/home/cyrill/DNNs/Linguistics/sarcasm/mmsd_raw_data/utterances_final/2_518.wav,2_518,True

/home/cyrill/DNNs/Linguistics/sarcasm/mmsd_raw_data/utterances_final/2_575.wav,2_575,True

/home/cyrill/DNNs/Linguistics/sarcasm/mmsd_raw_data/utterances_final/2_74.wav,2_74,True

/home/cyrill/DNNs/Linguistics/sarcasm/mmsd_raw_data/utterances_final/2_28.wav,2_28,False

/home/cyrill/DNNs/Linguistics/sarcasm/mmsd_raw_data/utterances_final/2_344.wav,2_344,True

/home/cyrill/DNNs/Linguistics/sarcasm/mmsd_raw_data/utterances_final/2_222.wav,2_222,True

/home/cyrill/DNNs/Linguistics/sarcasm/mmsd_raw_data/utterances_final/2_198.wav,2_198,False

/home/cyrill/DNNs/Linguistics/sarcasm/mmsd_raw_data/utterances_final/1_80.wav,1_80,False

/home/cyrill/DNNs/Linguistics/sarcasm/mmsd_raw_data/utterances_final/2_429.wav,2_429,True

/home/cyrill/DNNs/Linguistics/sarcasm/mmsd_raw_data/utterances_final/1_3573.wav,1_3573,True

/home/cyrill/DNNs/Linguistics/sarcasm/mmsd_raw_data/utterances_final/1_506.wav,1_506,False

/home/cyrill/DNNs/Linguistics/sarcasm/mmsd_raw_data/utterances_final/2_240.wav,2_240,False

/home/cyrill/DNNs/Linguistics/sarcasm/mmsd_raw_data/utterances_final/2_144.wav,2_144,True

/home/cyrill/DNNs/Linguistics/sarcasm/mmsd_raw_data/utterances_final/1_1296.wav,1_1296,True

/home/cyrill/DNNs/Linguistics/sarcasm/mmsd_raw_data/utterances_final/1_1180.wav,1_1180,True

/home/cyrill/DNNs/Linguistics/sarcasm/mmsd_raw_data/utterances_final/1_3660.wav,1_3660,True

/home/cyrill/DNNs/Linguistics/sarcasm/mmsd_raw_data/utterances_final/2_92.wav,2_92,True

/home/cyrill/DNNs/Linguistics/sarcasm/mmsd_raw_data/utterances_final/1_2837.wav,1_2837,False

/home/cyrill/DNNs/Linguistics/sarcasm/mmsd_raw_data/utterances_final/2_627.wav,2_627,False

/home/cyrill/DNNs/Linguistics/sarcasm/mmsd_raw_data/utterances_final/2_558.wav,2_558,True

/home/cyrill/DNNs/Linguistics/sarcasm/mmsd_raw_data/utterances_final/2_408.wav,2_408,True

/home/cyrill/DNNs/Linguistics/sarcasm/mmsd_raw_data/utterances_final/2_350.wav,2_350,True

/home/cyrill/DNNs/Linguistics/sarcasm/mmsd_raw_data/utterances_final/2_560.wav,2_560,True

/home/cyrill/DNNs/Linguistics/sarcasm/mmsd_raw_data/utterances_final/1_105.wav,1_105,True

/home/cyrill/DNNs/Linguistics/sarcasm/mmsd_raw_data/utterances_final/2_433.wav,2_433,True

/home/cyrill/DNNs/Linguistics/sarcasm/mmsd_raw_data/utterances_final/2_270.wav,2_270,False

/home/cyrill/DNNs/Linguistics/sarcasm/mmsd_raw_data/utterances_final/1_2464.wav,1_2464,True

/home/cyrill/DNNs/Linguistics/sarcasm/mmsd_raw_data/utterances_final/1_2580.wav,1_2580,True

/home/cyrill/DNNs/Linguistics/sarcasm/mmsd_raw_data/utterances_final/2_272.wav,2_272,False

/home/cyrill/DNNs/Linguistics/sarcasm/mmsd_raw_data/utterances_final/1_7487.wav,1_7487,False

/home/cyrill/DNNs/Linguistics/sarcasm/mmsd_raw_data/utterances_final/2_315.wav,2_315,True

/home/cyrill/DNNs/Linguistics/sarcasm/mmsd_raw_data/utterances_final/1_7641.wav,1_7641,False

/home/cyrill/DNNs/Linguistics/sarcasm/mmsd_raw_data/utterances_final/2_264.wav,2_264,False

/home/cyrill/DNNs/Linguistics/sarcasm/mmsd_raw_data/utterances_final/1_5211.wav,1_5211,True

/home/cyrill/DNNs/Linguistics/sarcasm/mmsd_raw_data/utterances_final/1_4286.wav,1_4286,False

/home/cyrill/DNNs/Linguistics/sarcasm/mmsd_raw_data/utterances_final/2_397.wav,2_397,False

/home/cyrill/DNNs/Linguistics/sarcasm/mmsd_raw_data/utterances_final/1_11439.wav,1_11439,True

/home/cyrill/DNNs/Linguistics/sarcasm/mmsd_raw_data/utterances_final/2_461.wav,2_461,True

/home/cyrill/DNNs/Linguistics/sarcasm/mmsd_raw_data/utterances_final/1_1678.wav,1_1678,False

/home/cyrill/DNNs/Linguistics/sarcasm/mmsd_raw_data/utterances_final/2_263.wav,2_263,False

/home/cyrill/DNNs/Linguistics/sarcasm/mmsd_raw_data/utterances_final/1_5571.wav,1_5571,True

/home/cyrill/DNNs/Linguistics/sarcasm/mmsd_raw_data/utterances_final/2_442.wav,2_442,True

/home/cyrill/DNNs/Linguistics/sarcasm/mmsd_raw_data/utterances_final/1_533.wav,1_533,False

/home/cyrill/DNNs/Linguistics/sarcasm/mmsd_raw_data/utterances_final/2_287.wav,2_287,True

/home/cyrill/DNNs/Linguistics/sarcasm/mmsd_raw_data/utterances_final/1_2614.wav,1_2614,True

/home/cyrill/DNNs/Linguistics/sarcasm/mmsd_raw_data/utterances_final/2_161.wav,2_161,True

/home/cyrill/DNNs/Linguistics/sarcasm/mmsd_raw_data/utterances_final/2_532.wav,2_532,True

/home/cyrill/DNNs/Linguistics/sarcasm/mmsd_raw_data/utterances_final/2_140.wav,2_140,True

/home/cyrill/DNNs/Linguistics/sarcasm/mmsd_raw_data/utterances_final/1_4850.wav,1_4850,False

/home/cyrill/DNNs/Linguistics/sarcasm/mmsd_raw_data/utterances_final/1_10462.wav,1_10462,True

/home/cyrill/DNNs/Linguistics/sarcasm/mmsd_raw_data/utterances_final/2_407.wav,2_407,False

/home/cyrill/DNNs/Linguistics/sarcasm/mmsd_raw_data/utterances_final/2_361.wav,2_361,True

/home/cyrill/DNNs/Linguistics/sarcasm/mmsd_raw_data/utterances_final/2_137.wav,2_137,False

/home/cyrill/DNNs/Linguistics/sarcasm/mmsd_raw_data/utterances_final/2_542.wav,2_542,True

/home/cyrill/DNNs/Linguistics/sarcasm/mmsd_raw_data/utterances_final/1_4544.wav,1_4544,False

/home/cyrill/DNNs/Linguistics/sarcasm/mmsd_raw_data/utterances_final/2_129.wav,2_129,True

/home/cyrill/DNNs/Linguistics/sarcasm/mmsd_raw_data/utterances_final/2_458.wav,2_458,False

/home/cyrill/DNNs/Linguistics/sarcasm/mmsd_raw_data/utterances_final/2_7.wav,2_7,False

/home/cyrill/DNNs/Linguistics/sarcasm/mmsd_raw_data/utterances_final/2_202.wav,2_202,False

/home/cyrill/DNNs/Linguistics/sarcasm/mmsd_raw_data/utterances_final/1_9668.wav,1_9668,False

/home/cyrill/DNNs/Linguistics/sarcasm/mmsd_raw_data/utterances_final/2_316.wav,2_316,False

/home/cyrill/DNNs/Linguistics/sarcasm/mmsd_raw_data/utterances_final/1_6427.wav,1_6427,True

/home/cyrill/DNNs/Linguistics/sarcasm/mmsd_raw_data/utterances_final/1_7894.wav,1_7894,False

/home/cyrill/DNNs/Linguistics/sarcasm/mmsd_raw_data/utterances_final/2_134.wav,2_134,False

/home/cyrill/DNNs/Linguistics/sarcasm/mmsd_raw_data/utterances_final/1_8827.wav,1_8827,True

/home/cyrill/DNNs/Linguistics/sarcasm/mmsd_raw_data/utterances_final/2_367.wav,2_367,False

/home/cyrill/DNNs/Linguistics/sarcasm/mmsd_raw_data/utterances_final/2_456.wav,2_456,True

/home/cyrill/DNNs/Linguistics/sarcasm/mmsd_raw_data/utterances_final/2_155.wav,2_155,True

/home/cyrill/DNNs/Linguistics/sarcasm/mmsd_raw_data/utterances_final/2_146.wav,2_146,False

/home/cyrill/DNNs/Linguistics/sarcasm/mmsd_raw_data/utterances_final/1_3204.wav,1_3204,False

/home/cyrill/DNNs/Linguistics/sarcasm/mmsd_raw_data/utterances_final/1_8078.wav,1_8078,False

/home/cyrill/DNNs/Linguistics/sarcasm/mmsd_raw_data/utterances_final/2_170.wav,2_170,True

/home/cyrill/DNNs/Linguistics/sarcasm/mmsd_raw_data/utterances_final/2_128.wav,2_128,True

/home/cyrill/DNNs/Linguistics/sarcasm/mmsd_raw_data/utterances_final/2_248.wav,2_248,True

/home/cyrill/DNNs/Linguistics/sarcasm/mmsd_raw_data/utterances_final/1_7400.wav,1_7400,False

/home/cyrill/DNNs/Linguistics/sarcasm/mmsd_raw_data/utterances_final/1_4967.wav,1_4967,True

/home/cyrill/DNNs/Linguistics/sarcasm/mmsd_raw_data/utterances_final/1_10857.wav,1_10857,False

/home/cyrill/DNNs/Linguistics/sarcasm/mmsd_raw_data/utterances_final/2_183.wav,2_183,True

/home/cyrill/DNNs/Linguistics/sarcasm/mmsd_raw_data/utterances_final/2_111.wav,2_111,False

/home/cyrill/DNNs/Linguistics/sarcasm/mmsd_raw_data/utterances_final/1_11098.wav,1_11098,True

/home/cyrill/DNNs/Linguistics/sarcasm/mmsd_raw_data/utterances_final/1_6134.wav,1_6134,True

/home/cyrill/DNNs/Linguistics/sarcasm/mmsd_raw_data/utterances_final/1_9245.wav,1_9245,False

/home/cyrill/DNNs/Linguistics/sarcasm/mmsd_raw_data/utterances_final/2_149.wav,2_149,False

/home/cyrill/DNNs/Linguistics/sarcasm/mmsd_raw_data/utterances_final/2_473.wav,2_473,False

/home/cyrill/DNNs/Linguistics/sarcasm/mmsd_raw_data/utterances_final/2_372.wav,2_372,True

/home/cyrill/DNNs/Linguistics/sarcasm/mmsd_raw_data/utterances_final/2_151.wav,2_151,True

/home/cyrill/DNNs/Linguistics/sarcasm/mmsd_raw_data/utterances_final/2_611.wav,2_611,True

/home/cyrill/DNNs/Linguistics/sarcasm/mmsd_raw_data/utterances_final/2_431.wav,2_431,False

/home/cyrill/DNNs/Linguistics/sarcasm/mmsd_raw_data/utterances_final/2_556.wav,2_556,True

/home/cyrill/DNNs/Linguistics/sarcasm/mmsd_raw_data/utterances_final/2_213.wav,2_213,False

/home/cyrill/DNNs/Linguistics/sarcasm/mmsd_raw_data/utterances_final/2_3.wav,2_3,True

/home/cyrill/DNNs/Linguistics/sarcasm/mmsd_raw_data/utterances_final/2_114.wav,2_114,True

/home/cyrill/DNNs/Linguistics/sarcasm/mmsd_raw_data/utterances_final/1_10829.wav,1_10829,True

/home/cyrill/DNNs/Linguistics/sarcasm/mmsd_raw_data/utterances_final/2_283.wav,2_283,True

/home/cyrill/DNNs/Linguistics/sarcasm/mmsd_raw_data/utterances_final/1_7675.wav,1_7675,False

/home/cyrill/DNNs/Linguistics/sarcasm/mmsd_raw_data/utterances_final/2_463.wav,2_463,False

/home/cyrill/DNNs/Linguistics/sarcasm/mmsd_raw_data/utterances_final/2_526.wav,2_526,False

/home/cyrill/DNNs/Linguistics/sarcasm/mmsd_raw_data/utterances_final/2_512.wav,2_512,True

/home/cyrill/DNNs/Linguistics/sarcasm/mmsd_raw_data/utterances_final/1_11723.wav,1_11723,False

/home/cyrill/DNNs/Linguistics/sarcasm/mmsd_raw_data/utterances_final/2_109.wav,2_109,True

/home/cyrill/DNNs/Linguistics/sarcasm/mmsd_raw_data/utterances_final/2_381.wav,2_381,True

/home/cyrill/DNNs/Linguistics/sarcasm/mmsd_raw_data/utterances_final/1_182.wav,1_182,True

/home/cyrill/DNNs/Linguistics/sarcasm/mmsd_raw_data/utterances_final/2_115.wav,2_115,True

/home/cyrill/DNNs/Linguistics/sarcasm/mmsd_raw_data/utterances_final/1_11236.wav,1_11236,False

/home/cyrill/DNNs/Linguistics/sarcasm/mmsd_raw_data/utterances_final/1_5212.wav,1_5212,False

/home/cyrill/DNNs/Linguistics/sarcasm/mmsd_raw_data/utterances_final/2_286.wav,2_286,True

/home/cyrill/DNNs/Linguistics/sarcasm/mmsd_raw_data/utterances_final/2_400.wav,2_400,False

/home/cyrill/DNNs/Linguistics/sarcasm/mmsd_raw_data/utterances_final/1_6211.wav,1_6211,False

/home/cyrill/DNNs/Linguistics/sarcasm/mmsd_raw_data/utterances_final/1_672.wav,1_672,False

/home/cyrill/DNNs/Linguistics/sarcasm/mmsd_raw_data/utterances_final/1_6165.wav,1_6165,True

/home/cyrill/DNNs/Linguistics/sarcasm/mmsd_raw_data/utterances_final/1_6645.wav,1_6645,False

/home/cyrill/DNNs/Linguistics/sarcasm/mmsd_raw_data/utterances_final/2_376.wav,2_376,True

/home/cyrill/DNNs/Linguistics/sarcasm/mmsd_raw_data/utterances_final/2_50.wav,2_50,True

/home/cyrill/DNNs/Linguistics/sarcasm/mmsd_raw_data/utterances_final/2_176.wav,2_176,False

/home/cyrill/DNNs/Linguistics/sarcasm/mmsd_raw_data/utterances_final/2_339.wav,2_339,False

/home/cyrill/DNNs/Linguistics/sarcasm/mmsd_raw_data/utterances_final/2_477.wav,2_477,False

/home/cyrill/DNNs/Linguistics/sarcasm/mmsd_raw_data/utterances_final/2_103.wav,2_103,True

/home/cyrill/DNNs/Linguistics/sarcasm/mmsd_raw_data/utterances_final/2_615.wav,2_615,False

/home/cyrill/DNNs/Linguistics/sarcasm/mmsd_raw_data/utterances_final/2_398.wav,2_398,True

/home/cyrill/DNNs/Linguistics/sarcasm/mmsd_raw_data/utterances_final/2_150.wav,2_150,False

/home/cyrill/DNNs/Linguistics/sarcasm/mmsd_raw_data/utterances_final/1_3064.wav,1_3064,True

/home/cyrill/DNNs/Linguistics/sarcasm/mmsd_raw_data/utterances_final/1_4552.wav,1_4552,False

/home/cyrill/DNNs/Linguistics/sarcasm/mmsd_raw_data/utterances_final/2_20.wav,2_20,False

/home/cyrill/DNNs/Linguistics/sarcasm/mmsd_raw_data/utterances_final/2_279.wav,2_279,True

/home/cyrill/DNNs/Linguistics/sarcasm/mmsd_raw_data/utterances_final/2_87.wav,2_87,False

/home/cyrill/DNNs/Linguistics/sarcasm/mmsd_raw_data/utterances_final/2_235.wav,2_235,False

/home/cyrill/DNNs/Linguistics/sarcasm/mmsd_raw_data/utterances_final/2_440.wav,2_440,True

/home/cyrill/DNNs/Linguistics/sarcasm/mmsd_raw_data/utterances_final/1_7593.wav,1_7593,False

/home/cyrill/DNNs/Linguistics/sarcasm/mmsd_raw_data/utterances_final/1_6683.wav,1_6683,True

/home/cyrill/DNNs/Linguistics/sarcasm/mmsd_raw_data/utterances_final/2_499.wav,2_499,False

/home/cyrill/DNNs/Linguistics/sarcasm/mmsd_raw_data/utterances_final/2_261.wav,2_261,False

/home/cyrill/DNNs/Linguistics/sarcasm/mmsd_raw_data/utterances_final/1_11120.wav,1_11120,False

/home/cyrill/DNNs/Linguistics/sarcasm/mmsd_raw_data/utterances_final/1_162.wav,1_162,False

/home/cyrill/DNNs/Linguistics/sarcasm/mmsd_raw_data/utterances_final/2_141.wav,2_141,True

/home/cyrill/DNNs/Linguistics/sarcasm/mmsd_raw_data/utterances_final/1_9963.wav,1_9963,False

/home/cyrill/DNNs/Linguistics/sarcasm/mmsd_raw_data/utterances_final/1_11901.wav,1_11901,True

/home/cyrill/DNNs/Linguistics/sarcasm/mmsd_raw_data/utterances_final/2_550.wav,2_550,True

/home/cyrill/DNNs/Linguistics/sarcasm/mmsd_raw_data/utterances_final/1_3177.wav,1_3177,False

/home/cyrill/DNNs/Linguistics/sarcasm/mmsd_raw_data/utterances_final/1_1478.wav,1_1478,True

/home/cyrill/DNNs/Linguistics/sarcasm/mmsd_raw_data/utterances_final/2_486.wav,2_486,False

/home/cyrill/DNNs/Linguistics/sarcasm/mmsd_raw_data/utterances_final/2_241.wav,2_241,True

/home/cyrill/DNNs/Linguistics/sarcasm/mmsd_raw_data/utterances_final/2_541.wav,2_541,True

/home/cyrill/DNNs/Linguistics/sarcasm/mmsd_raw_data/utterances_final/2_246.wav,2_246,True

/home/cyrill/DNNs/Linguistics/sarcasm/mmsd_raw_data/utterances_final/1_7443.wav,1_7443,False

/home/cyrill/DNNs/Linguistics/sarcasm/mmsd_raw_data/utterances_final/1_971.wav,1_971,True

/home/cyrill/DNNs/Linguistics/sarcasm/mmsd_raw_data/utterances_final/2_51.wav,2_51,False

/home/cyrill/DNNs/Linguistics/sarcasm/mmsd_raw_data/utterances_final/1_6534.wav,1_6534,False

/home/cyrill/DNNs/Linguistics/sarcasm/mmsd_raw_data/utterances_final/2_370.wav,2_370,True

/home/cyrill/DNNs/Linguistics/sarcasm/mmsd_raw_data/utterances_final/2_292.wav,2_292,True

/home/cyrill/DNNs/Linguistics/sarcasm/mmsd_raw_data/utterances_final/2_88.wav,2_88,False

/home/cyrill/DNNs/Linguistics/sarcasm/mmsd_raw_data/utterances_final/1_7442.wav,1_7442,False

/home/cyrill/DNNs/Linguistics/sarcasm/mmsd_raw_data/utterances_final/2_337.wav,2_337,False

/home/cyrill/DNNs/Linguistics/sarcasm/mmsd_raw_data/utterances_final/2_166.wav,2_166,False

/home/cyrill/DNNs/Linguistics/sarcasm/mmsd_raw_data/utterances_final/2_303.wav,2_303,True

/home/cyrill/DNNs/Linguistics/sarcasm/mmsd_raw_data/utterances_final/1_3287.wav,1_3287,True

/home/cyrill/DNNs/Linguistics/sarcasm/mmsd_raw_data/utterances_final/1_276.wav,1_276,True

/home/cyrill/DNNs/Linguistics/sarcasm/mmsd_raw_data/utterances_final/2_525.wav,2_525,False

/home/cyrill/DNNs/Linguistics/sarcasm/mmsd_raw_data/utterances_final/2_243.wav,2_243,False

/home/cyrill/DNNs/Linguistics/sarcasm/mmsd_raw_data/utterances_final/2_464.wav,2_464,True

/home/cyrill/DNNs/Linguistics/sarcasm/mmsd_raw_data/utterances_final/1_3069.wav,1_3069,False

/home/cyrill/DNNs/Linguistics/sarcasm/mmsd_raw_data/utterances_final/2_231.wav,2_231,False

/home/cyrill/DNNs/Linguistics/sarcasm/mmsd_raw_data/utterances_final/2_576.wav,2_576,False

/home/cyrill/DNNs/Linguistics/sarcasm/mmsd_raw_data/utterances_final/2_113.wav,2_113,True

/home/cyrill/DNNs/Linguistics/sarcasm/mmsd_raw_data/utterances_final/1_10797.wav,1_10797,False

/home/cyrill/DNNs/Linguistics/sarcasm/mmsd_raw_data/utterances_final/1_430.wav,1_430,False

/home/cyrill/DNNs/Linguistics/sarcasm/mmsd_raw_data/utterances_final/1_4477.wav,1_4477,False

/home/cyrill/DNNs/Linguistics/sarcasm/mmsd_raw_data/utterances_final/1_2575.wav,1_2575,False

/home/cyrill/DNNs/Linguistics/sarcasm/mmsd_raw_data/utterances_final/2_53.wav,2_53,False

/home/cyrill/DNNs/Linguistics/sarcasm/mmsd_raw_data/utterances_final/1_8042.wav,1_8042,False

/home/cyrill/DNNs/Linguistics/sarcasm/mmsd_raw_data/utterances_final/1_7504.wav,1_7504,False

/home/cyrill/DNNs/Linguistics/sarcasm/mmsd_raw_data/utterances_final/1_10810.wav,1_10810,False

/home/cyrill/DNNs/Linguistics/sarcasm/mmsd_raw_data/utterances_final/1_4639.wav,1_4639,False

/home/cyrill/DNNs/Linguistics/sarcasm/mmsd_raw_data/utterances_final/1_3256.wav,1_3256,True

/home/cyrill/DNNs/Linguistics/sarcasm/mmsd_raw_data/utterances_final/2_517.wav,2_517,False

/home/cyrill/DNNs/Linguistics/sarcasm/mmsd_raw_data/utterances_final/1_12275.wav,1_12275,False

/home/cyrill/DNNs/Linguistics/sarcasm/mmsd_raw_data/utterances_final/1_1931.wav,1_1931,True

/home/cyrill/DNNs/Linguistics/sarcasm/mmsd_raw_data/utterances_final/1_2669.wav,1_2669,False

/home/cyrill/DNNs/Linguistics/sarcasm/mmsd_raw_data/utterances_final/2_599.wav,2_599,True

/home/cyrill/DNNs/Linguistics/sarcasm/mmsd_raw_data/utterances_final/1_10859.wav,1_10859,False

/home/cyrill/DNNs/Linguistics/sarcasm/mmsd_raw_data/utterances_final/1_2830.wav,1_2830,False

/home/cyrill/DNNs/Linguistics/sarcasm/mmsd_raw_data/utterances_final/2_69.wav,2_69,False

/home/cyrill/DNNs/Linguistics/sarcasm/mmsd_raw_data/utterances_final/1_537.wav,1_537,True

/home/cyrill/DNNs/Linguistics/sarcasm/mmsd_raw_data/utterances_final/2_36.wav,2_36,False

/home/cyrill/DNNs/Linguistics/sarcasm/mmsd_raw_data/utterances_final/2_357.wav,2_357,True

/home/cyrill/DNNs/Linguistics/sarcasm/mmsd_raw_data/utterances_final/2_579.wav,2_579,False

/home/cyrill/DNNs/Linguistics/sarcasm/mmsd_raw_data/utterances_final/2_255.wav,2_255,True

/home/cyrill/DNNs/Linguistics/sarcasm/mmsd_raw_data/utterances_final/2_258.wav,2_258,True

/home/cyrill/DNNs/Linguistics/sarcasm/mmsd_raw_data/utterances_final/2_250.wav,2_250,True

/home/cyrill/DNNs/Linguistics/sarcasm/mmsd_raw_data/utterances_final/1_2616.wav,1_2616,True

/home/cyrill/DNNs/Linguistics/sarcasm/mmsd_raw_data/utterances_final/2_147.wav,2_147,False

/home/cyrill/DNNs/Linguistics/sarcasm/mmsd_raw_data/utterances_final/2_119.wav,2_119,False

/home/cyrill/DNNs/Linguistics/sarcasm/mmsd_raw_data/utterances_final/2_524.wav,2_524,True

/home/cyrill/DNNs/Linguistics/sarcasm/mmsd_raw_data/utterances_final/1_1262.wav,1_1262,False

/home/cyrill/DNNs/Linguistics/sarcasm/mmsd_raw_data/utterances_final/1_8185.wav,1_8185,False

/home/cyrill/DNNs/Linguistics/sarcasm/mmsd_raw_data/utterances_final/2_124.wav,2_124,True

/home/cyrill/DNNs/Linguistics/sarcasm/mmsd_raw_data/utterances_final/1_10190.wav,1_10190,False

/home/cyrill/DNNs/Linguistics/sarcasm/mmsd_raw_data/utterances_final/1_11928.wav,1_11928,False

/home/cyrill/DNNs/Linguistics/sarcasm/mmsd_raw_data/utterances_final/1_4949.wav,1_4949,False

/home/cyrill/DNNs/Linguistics/sarcasm/mmsd_raw_data/utterances_final/2_506.wav,2_506,False

/home/cyrill/DNNs/Linguistics/sarcasm/mmsd_raw_data/utterances_final/2_342.wav,2_342,True

/home/cyrill/DNNs/Linguistics/sarcasm/mmsd_raw_data/utterances_final/1_6627.wav,1_6627,False

/home/cyrill/DNNs/Linguistics/sarcasm/mmsd_raw_data/utterances_final/1_3333.wav,1_3333,False

/home/cyrill/DNNs/Linguistics/sarcasm/mmsd_raw_data/utterances_final/2_38.wav,2_38,False

/home/cyrill/DNNs/Linguistics/sarcasm/mmsd_raw_data/utterances_final/1_11529.wav,1_11529,False

/home/cyrill/DNNs/Linguistics/sarcasm/mmsd_raw_data/utterances_final/1_11378.wav,1_11378,True

/home/cyrill/DNNs/Linguistics/sarcasm/mmsd_raw_data/utterances_final/2_194.wav,2_194,False

/home/cyrill/DNNs/Linguistics/sarcasm/mmsd_raw_data/utterances_final/1_5880.wav,1_5880,True

/home/cyrill/DNNs/Linguistics/sarcasm/mmsd_raw_data/utterances_final/2_467.wav,2_467,False

/home/cyrill/DNNs/Linguistics/sarcasm/mmsd_raw_data/utterances_final/2_380.wav,2_380,False

/home/cyrill/DNNs/Linguistics/sarcasm/mmsd_raw_data/utterances_final/1_2119.wav,1_2119,True

/home/cyrill/DNNs/Linguistics/sarcasm/mmsd_raw_data/utterances_final/2_79.wav,2_79,False

/home/cyrill/DNNs/Linguistics/sarcasm/mmsd_raw_data/utterances_final/2_267.wav,2_267,False

/home/cyrill/DNNs/Linguistics/sarcasm/mmsd_raw_data/utterances_final/1_10009.wav,1_10009,False

/home/cyrill/DNNs/Linguistics/sarcasm/mmsd_raw_data/utterances_final/1_5699.wav,1_5699,True

/home/cyrill/DNNs/Linguistics/sarcasm/mmsd_raw_data/utterances_final/2_478.wav,2_478,True

/home/cyrill/DNNs/Linguistics/sarcasm/mmsd_raw_data/utterances_final/2_474.wav,2_474,True

/home/cyrill/DNNs/Linguistics/sarcasm/mmsd_raw_data/utterances_final/1_6428.wav,1_6428,True

/home/cyrill/DNNs/Linguistics/sarcasm/mmsd_raw_data/utterances_final/1_5169.wav,1_5169,False

/home/cyrill/DNNs/Linguistics/sarcasm/mmsd_raw_data/utterances_final/2_421.wav,2_421,True

/home/cyrill/DNNs/Linguistics/sarcasm/mmsd_raw_data/utterances_final/2_617.wav,2_617,True

/home/cyrill/DNNs/Linguistics/sarcasm/mmsd_raw_data/utterances_final/1_1987.wav,1_1987,True

/home/cyrill/DNNs/Linguistics/sarcasm/mmsd_raw_data/utterances_final/2_371.wav,2_371,False

/home/cyrill/DNNs/Linguistics/sarcasm/mmsd_raw_data/utterances_final/1_1666.wav,1_1666,False

/home/cyrill/DNNs/Linguistics/sarcasm/mmsd_raw_data/utterances_final/1_10853.wav,1_10853,False

/home/cyrill/DNNs/Linguistics/sarcasm/mmsd_raw_data/utterances_final/1_1732.wav,1_1732,True

/home/cyrill/DNNs/Linguistics/sarcasm/mmsd_raw_data/utterances_final/1_3293.wav,1_3293,True

/home/cyrill/DNNs/Linguistics/sarcasm/mmsd_raw_data/utterances_final/2_73.wav,2_73,True

/home/cyrill/DNNs/Linguistics/sarcasm/mmsd_raw_data/utterances_final/2_322.wav,2_322,False

/home/cyrill/DNNs/Linguistics/sarcasm/mmsd_raw_data/utterances_final/2_196.wav,2_196,False

/home/cyrill/DNNs/Linguistics/sarcasm/mmsd_raw_data/utterances_final/1_6188.wav,1_6188,True

/home/cyrill/DNNs/Linguistics/sarcasm/mmsd_raw_data/utterances_final/1_6221.wav,1_6221,True

/home/cyrill/DNNs/Linguistics/sarcasm/mmsd_raw_data/utterances_final/2_589.wav,2_589,True

/home/cyrill/DNNs/Linguistics/sarcasm/mmsd_raw_data/utterances_final/1_7445.wav,1_7445,False

/home/cyrill/DNNs/Linguistics/sarcasm/mmsd_raw_data/utterances_final/1_6113.wav,1_6113,False

/home/cyrill/DNNs/Linguistics/sarcasm/mmsd_raw_data/utterances_final/1_1627.wav,1_1627,False

/home/cyrill/DNNs/Linguistics/sarcasm/mmsd_raw_data/utterances_final/1_2075.wav,1_2075,False

/home/cyrill/DNNs/Linguistics/sarcasm/mmsd_raw_data/utterances_final/2_438.wav,2_438,True

/home/cyrill/DNNs/Linguistics/sarcasm/mmsd_raw_data/utterances_final/2_245.wav,2_245,False

/home/cyrill/DNNs/Linguistics/sarcasm/mmsd_raw_data/utterances_final/2_502.wav,2_502,True

/home/cyrill/DNNs/Linguistics/sarcasm/mmsd_raw_data/utterances_final/1_2842.wav,1_2842,False

/home/cyrill/DNNs/Linguistics/sarcasm/mmsd_raw_data/utterances_final/2_188.wav,2_188,False

/home/cyrill/DNNs/Linguistics/sarcasm/mmsd_raw_data/utterances_final/1_1185.wav,1_1185,False

/home/cyrill/DNNs/Linguistics/sarcasm/mmsd_raw_data/utterances_final/2_511.wav,2_511,True

/home/cyrill/DNNs/Linguistics/sarcasm/mmsd_raw_data/utterances_final/2_94.wav,2_94,False

/home/cyrill/DNNs/Linguistics/sarcasm/mmsd_raw_data/utterances_final/2_385.wav,2_385,False

/home/cyrill/DNNs/Linguistics/sarcasm/mmsd_raw_data/utterances_final/1_2664.wav,1_2664,False

/home/cyrill/DNNs/Linguistics/sarcasm/mmsd_raw_data/utterances_final/2_178.wav,2_178,True

/home/cyrill/DNNs/Linguistics/sarcasm/mmsd_raw_data/utterances_final/2_531.wav,2_531,False

/home/cyrill/DNNs/Linguistics/sarcasm/mmsd_raw_data/utterances_final/2_301.wav,2_301,False

/home/cyrill/DNNs/Linguistics/sarcasm/mmsd_raw_data/utterances_final/2_34.wav,2_34,True

/home/cyrill/DNNs/Linguistics/sarcasm/mmsd_raw_data/utterances_final/2_537.wav,2_537,False

/home/cyrill/DNNs/Linguistics/sarcasm/mmsd_raw_data/utterances_final/1_7661.wav,1_7661,False

/home/cyrill/DNNs/Linguistics/sarcasm/mmsd_raw_data/utterances_final/1_3842.wav,1_3842,False

/home/cyrill/DNNs/Linguistics/sarcasm/mmsd_raw_data/utterances_final/2_232.wav,2_232,False

/home/cyrill/DNNs/Linguistics/sarcasm/mmsd_raw_data/utterances_final/1_5758.wav,1_5758,True

/home/cyrill/DNNs/Linguistics/sarcasm/mmsd_raw_data/utterances_final/2_102.wav,2_102,True

/home/cyrill/DNNs/Linguistics/sarcasm/mmsd_raw_data/utterances_final/2_540.wav,2_540,False

/home/cyrill/DNNs/Linguistics/sarcasm/mmsd_raw_data/utterances_final/1_5919.wav,1_5919,False

/home/cyrill/DNNs/Linguistics/sarcasm/mmsd_raw_data/utterances_final/2_490.wav,2_490,True

/home/cyrill/DNNs/Linguistics/sarcasm/mmsd_raw_data/utterances_final/2_30.wav,2_30,False

/home/cyrill/DNNs/Linguistics/sarcasm/mmsd_raw_data/utterances_final/2_313.wav,2_313,True

/home/cyrill/DNNs/Linguistics/sarcasm/mmsd_raw_data/utterances_final/2_567.wav,2_567,True

/home/cyrill/DNNs/Linguistics/sarcasm/mmsd_raw_data/utterances_final/1_11201.wav,1_11201,False

/home/cyrill/DNNs/Linguistics/sarcasm/mmsd_raw_data/utterances_final/1_2198.wav,1_2198,True

/home/cyrill/DNNs/Linguistics/sarcasm/mmsd_raw_data/utterances_final/1_5786.wav,1_5786,False

/home/cyrill/DNNs/Linguistics/sarcasm/mmsd_raw_data/utterances_final/1_5953.wav,1_5953,False

/home/cyrill/DNNs/Linguistics/sarcasm/mmsd_raw_data/utterances_final/2_374.wav,2_374,True

/home/cyrill/DNNs/Linguistics/sarcasm/mmsd_raw_data/utterances_final/2_441.wav,2_441,False

/home/cyrill/DNNs/Linguistics/sarcasm/mmsd_raw_data/utterances_final/2_54.wav,2_54,True

/home/cyrill/DNNs/Linguistics/sarcasm/mmsd_raw_data/utterances_final/2_318.wav,2_318,True

/home/cyrill/DNNs/Linguistics/sarcasm/mmsd_raw_data/utterances_final/1_4760.wav,1_4760,True

/home/cyrill/DNNs/Linguistics/sarcasm/mmsd_raw_data/utterances_final/2_583.wav,2_583,True

/home/cyrill/DNNs/Linguistics/sarcasm/mmsd_raw_data/utterances_final/2_447.wav,2_447,True

/home/cyrill/DNNs/Linguistics/sarcasm/mmsd_raw_data/utterances_final/1_9971.wav,1_9971,True

/home/cyrill/DNNs/Linguistics/sarcasm/mmsd_raw_data/utterances_final/2_521.wav,2_521,False

/home/cyrill/DNNs/Linguistics/sarcasm/mmsd_raw_data/utterances_final/1_10890.wav,1_10890,True

/home/cyrill/DNNs/Linguistics/sarcasm/mmsd_raw_data/utterances_final/1_5627.wav,1_5627,True

/home/cyrill/DNNs/Linguistics/sarcasm/mmsd_raw_data/utterances_final/2_389.wav,2_389,True

/home/cyrill/DNNs/Linguistics/sarcasm/mmsd_raw_data/utterances_final/2_340.wav,2_340,False

/home/cyrill/DNNs/Linguistics/sarcasm/mmsd_raw_data/utterances_final/1_8217.wav,1_8217,False

/home/cyrill/DNNs/Linguistics/sarcasm/mmsd_raw_data/utterances_final/2_280.wav,2_280,True

/home/cyrill/DNNs/Linguistics/sarcasm/mmsd_raw_data/utterances_final/2_546.wav,2_546,True

/home/cyrill/DNNs/Linguistics/sarcasm/mmsd_raw_data/utterances_final/2_427.wav,2_427,False

/home/cyrill/DNNs/Linguistics/sarcasm/mmsd_raw_data/utterances_final/1_4792.wav,1_4792,False

/home/cyrill/DNNs/Linguistics/sarcasm/mmsd_raw_data/utterances_final/1_507.wav,1_507,True

/home/cyrill/DNNs/Linguistics/sarcasm/mmsd_raw_data/utterances_final/2_443.wav,2_443,True

/home/cyrill/DNNs/Linguistics/sarcasm/mmsd_raw_data/utterances_final/1_8052.wav,1_8052,True

/home/cyrill/DNNs/Linguistics/sarcasm/mmsd_raw_data/utterances_final/1_10849.wav,1_10849,False

/home/cyrill/DNNs/Linguistics/sarcasm/mmsd_raw_data/utterances_final/1_90.wav,1_90,False

/home/cyrill/DNNs/Linguistics/sarcasm/mmsd_raw_data/utterances_final/2_278.wav,2_278,False

/home/cyrill/DNNs/Linguistics/sarcasm/mmsd_raw_data/utterances_final/2_105.wav,2_105,True

/home/cyrill/DNNs/Linguistics/sarcasm/mmsd_raw_data/utterances_final/2_482.wav,2_482,False

/home/cyrill/DNNs/Linguistics/sarcasm/mmsd_raw_data/utterances_final/2_107.wav,2_107,False

/home/cyrill/DNNs/Linguistics/sarcasm/mmsd_raw_data/utterances_final/2_353.wav,2_353,False

/home/cyrill/DNNs/Linguistics/sarcasm/mmsd_raw_data/utterances_final/1_1549.wav,1_1549,True

/home/cyrill/DNNs/Linguistics/sarcasm/mmsd_raw_data/utterances_final/2_388.wav,2_388,False

/home/cyrill/DNNs/Linguistics/sarcasm/mmsd_raw_data/utterances_final/2_260.wav,2_260,True

/home/cyrill/DNNs/Linguistics/sarcasm/mmsd_raw_data/utterances_final/2_570.wav,2_570,False

/home/cyrill/DNNs/Linguistics/sarcasm/mmsd_raw_data/utterances_final/2_585.wav,2_585,False

/home/cyrill/DNNs/Linguistics/sarcasm/mmsd_raw_data/utterances_final/1_1798.wav,1_1798,True

/home/cyrill/DNNs/Linguistics/sarcasm/mmsd_raw_data/utterances_final/2_1.wav,2_1,False

/home/cyrill/DNNs/Linguistics/sarcasm/mmsd_raw_data/utterances_final/1_536.wav,1_536,True

/home/cyrill/DNNs/Linguistics/sarcasm/mmsd_raw_data/utterances_final/2_378.wav,2_378,True

/home/cyrill/DNNs/Linguistics/sarcasm/mmsd_raw_data/utterances_final/2_420.wav,2_420,True

/home/cyrill/DNNs/Linguistics/sarcasm/mmsd_raw_data/utterances_final/1_2361.wav,1_2361,False

/home/cyrill/DNNs/Linguistics/sarcasm/mmsd_raw_data/utterances_final/2_163.wav,2_163,True

/home/cyrill/DNNs/Linguistics/sarcasm/mmsd_raw_data/utterances_final/2_299.wav,2_299,False

/home/cyrill/DNNs/Linguistics/sarcasm/mmsd_raw_data/utterances_final/1_10977.wav,1_10977,False

/home/cyrill/DNNs/Linguistics/sarcasm/mmsd_raw_data/utterances_final/1_4281.wav,1_4281,False

/home/cyrill/DNNs/Linguistics/sarcasm/mmsd_raw_data/utterances_final/1_11697.wav,1_11697,True

/home/cyrill/DNNs/Linguistics/sarcasm/mmsd_raw_data/utterances_final/1_6065.wav,1_6065,True

/home/cyrill/DNNs/Linguistics/sarcasm/mmsd_raw_data/utterances_final/2_345.wav,2_345,True

/home/cyrill/DNNs/Linguistics/sarcasm/mmsd_raw_data/utterances_final/1_8746.wav,1_8746,True

/home/cyrill/DNNs/Linguistics/sarcasm/mmsd_raw_data/utterances_final/2_257.wav,2_257,False

/home/cyrill/DNNs/Linguistics/sarcasm/mmsd_raw_data/utterances_final/2_527.wav,2_527,True

/home/cyrill/DNNs/Linguistics/sarcasm/mmsd_raw_data/utterances_final/2_555.wav,2_555,False

/home/cyrill/DNNs/Linguistics/sarcasm/mmsd_raw_data/utterances_final/2_11.wav,2_11,True

